{
  "project_info": {
    "project_number": "360278545606",
    "project_id": "video-meeting-71aa0",
    "storage_bucket": "video-meeting-71aa0.appspot.com"
  },
  "client": [
    {
      "client_info": {
        "mobilesdk_app_id": "1:360278545606:android:443df2177fca5c998373c7",
        "android_client_info": {
          "package_name": "com.example.videomeeting"
        }
      },
      "oauth_client": [
        {
          "client_id": "360278545606-tclj6sn8vc33i9eo45sa6g4r71q6ki36.apps.googleusercontent.com",
          "client_type": 3
        }
      ],
      "api_key": [
        {
          "current_key": "AIzaSyCw5dMg9_z-ufp8zLcnmX7syCxvYFEe6lM"
        }
      ],
      "services": {
        "appinvite_service": {
          "other_platform_oauth_client": [
            {
              "client_id": "360278545606-tclj6sn8vc33i9eo45sa6g4r71q6ki36.apps.googleusercontent.com",
              "client_type": 3
            }
          ]
        }
      }
    }
  ],
  "configuration_version": "1"
}